frame,detected,x,y,z,t_grab,t_total,t_prepare,t_search,t_approx,t_refine,t_estimate
0,1,-0.427228,-16.5519,200.662,146,83,44,28,2,3,6
1,1,-1.70864,-16.8826,200.693,147,87,44,34,1,2,3
2,1,-2.12811,-19.8323,200.287,146,86,44,33,1,2,4
3,1,-2.39586,-17.3621,200.568,143,84,43,31,1,2,3
4,1,-1.14251,-18.8457,200.35,142,79,43,28,1,2,3
5,1,-0.943096,-19.0033,200.352,142,80,43,29,1,2,3
6,1,-1.45656,-18.5301,200.445,142,84,43,29,1,2,7
7,0,-1.45656,-18.5301,200.445,140,70,43,25,0,0,0
8,1,-2.36881,-20.2741,200.381,145,81,44,29,0,2,4
9,1,0.691243,-14.8749,201.147,141,86,43,33,0,3,5
10,1,-2.08171,-17.0891,202.067,143,80,43,27,1,2,4
11,1,-13.2096,-19.9962,203.134,145,80,43,26,0,2,6
12,1,-21.539,-20.1476,201.987,145,77,43,26,1,2,3
13,1,-46.4267,-22.0027,196.706,148,89,44,33,1,2,6
14,1,-53.6638,-14.2788,197.519,144,81,43,26,1,2,7
15,1,-70.2327,-16.5424,196.74,146,82,44,30,0,2,3
16,1,-78.4657,-19.1772,196.745,150,78,44,25,1,2,4
17,1,-88.7198,-20.3579,195.096,149,81,43,27,1,2,6
18,1,-98.4473,-18.9128,194.519,145,77,43,25,1,2,4
19,1,-105.535,-18.6224,192.525,144,76,43,25,1,2,3
20,1,-107.375,-19.2677,191.888,143,79,43,28,0,2,4
21,1,-109.115,-18.7773,191.564,142,77,43,25,0,2,4
22,1,-112.696,-19.6281,190.143,144,78,43,26,1,2,4
23,1,-114.668,-19.4982,189.653,142,81,43,30,0,3,2
24,0,-114.668,-19.4982,189.653,141,70,43,25,0,0,0
25,0,-114.668,-19.4982,189.653,141,69,43,24,0,0,0
26,1,-126.612,-18.3332,184.916,146,89,44,35,1,2,5
27,1,-132.186,-20.3437,181.453,145,77,43,26,0,3,3
28,1,-130.778,-19.3919,182.522,143,79,43,28,0,2,3
29,1,-133.211,-20.0118,174.662,147,87,44,32,1,2,6
30,1,-127.271,-19.31,164.784,145,82,43,28,0,3,5
31,1,-123.391,-18.2506,160.054,147,87,43,33,1,2,6
32,1,-121.672,-16.3922,151.938,143,78,43,27,1,2,3
33,1,-116.629,-15.1021,149.516,148,89,43,36,0,3,4
34,1,-101.572,-18.5705,147.864,147,89,43,37,0,2,4
35,1,-88.9105,-19.5123,151.488,142,79,43,27,1,2,3
36,1,-79.1091,-19.0935,153.573,145,79,43,28,0,2,3
37,1,-68.0255,-19.0467,153.335,145,81,44,29,1,2,3
38,1,-54.6816,-19.4825,152.747,147,83,43,32,0,3,3
39,1,-42.9376,-14.3518,152.628,144,82,44,29,1,2,4
40,1,-32.0346,-16.6479,152.062,146,83,43,31,0,3,3
41,1,-25.5108,-18.1967,151.222,145,81,43,30,1,2,3
42,1,-18.4011,-18.1716,151.305,145,83,44,30,1,2,4
43,1,-11.9758,-18.6893,150.616,148,84,43,32,1,2,4
44,1,-12.5915,-17.6093,150.083,146,86,43,30,1,2,8
45,1,-7.51017,-18.378,149.075,146,81,43,29,0,2,4
46,1,0.428024,-18.6601,148.219,143,79,43,28,1,2,3
47,1,7.70446,-19.453,147.749,147,82,43,31,1,2,3
48,1,16.1763,-18.5397,146.679,144,79,44,27,1,2,3
49,1,28.4075,-17.8006,145.105,145,88,44,31,0,3,7
50,1,36.5396,-17.9396,143.25,144,83,44,27,0,3,6
51,1,46.5627,-16.7726,143.207,144,84,43,29,0,3,6
52,1,56.6834,-15.1159,142.284,143,82,43,28,1,2,6
53,1,65.4296,-16.7816,139.974,143,79,43,27,1,2,4
54,0,65.4296,-16.7816,139.974,144,73,43,28,0,0,0
55,1,88.0322,-18.6164,137.263,143,81,44,26,1,3,5
56,0,88.0322,-18.6164,137.263,143,75,43,30,0,0,0
57,1,107.901,-17.059,135.514,147,82,43,29,0,3,5
58,1,120.496,-16.955,133.754,144,103,44,51,1,2,3
59,0,120.496,-16.955,133.754,144,71,44,25,0,0,0
60,1,143.638,-17.2376,128.102,146,77,43,25,1,3,3
61,0,143.638,-17.2376,128.102,146,75,43,30,0,0,0
62,0,143.638,-17.2376,128.102,146,73,44,27,0,0,0
63,0,143.638,-17.2376,128.102,147,82,43,36,0,0,0
64,0,143.638,-17.2376,128.102,147,71,44,25,0,0,0
65,0,143.638,-17.2376,128.102,147,78,43,33,0,0,0
66,0,143.638,-17.2376,128.102,146,69,43,24,0,0,0
67,0,143.638,-17.2376,128.102,145,69,43,24,0,0,0
68,0,143.638,-17.2376,128.102,148,71,44,25,0,0,0
69,0,143.638,-17.2376,128.102,144,69,43,24,0,0,0
70,0,143.638,-17.2376,128.102,149,70,44,24,0,0,0
71,0,143.638,-17.2376,128.102,144,73,43,27,0,0,0
72,0,143.638,-17.2376,128.102,145,71,44,25,0,0,0
73,0,143.638,-17.2376,128.102,147,71,44,25,0,0,0
74,0,143.638,-17.2376,128.102,145,71,44,25,0,0,0
75,0,143.638,-17.2376,128.102,143,72,44,25,0,0,0
76,1,100.429,-16.3162,74.4556,146,81,43,27,1,2,6
77,1,87.0989,-16.8365,74.6609,145,80,44,28,1,2,3
78,1,74.5475,-16.4843,74.2343,143,81,43,26,0,3,6
79,1,66.1111,-15.545,75.0596,143,83,44,27,0,5,4
80,1,51.2605,-16.8118,79.5507,141,81,43,29,1,2,4
81,1,41.1585,-17.0156,82.6619,139,84,43,29,1,3,6
82,1,28.1909,-16.6129,85.6575,141,80,43,28,1,2,3
83,1,19.2029,-16.4174,86.9886,137,81,43,29,1,2,3
84,1,6.30044,-17.0245,88.8741,142,81,43,29,1,2,4
85,1,-5.13683,-16.2102,91.3057,144,84,43,28,1,2,8
86,1,-18.0102,-17.7443,91.67,146,82,44,29,1,2,4
87,1,-26.6414,-17.5366,92.6987,142,80,43,28,1,2,4
88,1,-38.8246,-17.3325,93.1347,145,86,43,34,1,2,4
89,1,-52.2733,-18.0787,90.3043,143,84,44,32,1,2,3
90,1,-63.4731,-10.3202,91.4077,142,82,43,30,1,3,3
91,1,-74.0309,-16.9874,88.1788,143,81,43,28,1,2,4
92,1,-84.2792,-17.6213,87.4228,142,93,44,40,0,4,3
93,0,-84.2792,-17.6213,87.4228,141,71,43,26,0,0,0
94,1,-111.66,-16.4169,82.5731,146,89,43,37,1,3,3
95,0,-111.66,-16.4169,82.5731,146,72,43,26,0,0,0
96,0,-111.66,-16.4169,82.5731,146,75,44,29,0,0,0
97,0,-111.66,-16.4169,82.5731,146,72,44,26,0,0,0
98,0,-111.66,-16.4169,82.5731,146,72,43,26,0,0,0
99,0,-111.66,-16.4169,82.5731,149,76,43,31,0,0,0
100,0,-111.66,-16.4169,82.5731,148,83,43,38,0,0,0
101,0,-111.66,-16.4169,82.5731,147,72,43,27,0,0,0
102,0,-111.66,-16.4169,82.5731,146,78,45,31,0,0,0
103,0,-111.66,-16.4169,82.5731,146,70,43,24,0,0,0
104,1,-161.88,-17.7201,123.801,148,89,43,35,1,2,6
105,1,-160.931,-18.4102,143.523,145,93,43,39,1,2,6
106,0,-160.931,-18.4102,143.523,144,72,43,27,0,0,0
107,0,-160.931,-18.4102,143.523,147,93,43,48,0,0,0
108,0,-160.931,-18.4102,143.523,147,76,44,29,0,0,0
109,0,-160.931,-18.4102,143.523,146,86,43,41,0,0,0
110,0,-160.931,-18.4102,143.523,146,71,43,26,0,0,0
111,0,-160.931,-18.4102,143.523,146,71,44,25,0,0,0
112,1,-134.906,-18.4893,174.214,147,79,44,27,1,2,3
113,1,-126.138,-6.69765,176.523,145,79,43,27,1,2,4
114,1,-106.936,-15.7438,181.775,148,81,43,28,0,3,5
115,1,-94.7296,-16.3256,184.372,146,83,44,28,1,2,6
116,1,-78.8826,-19.9963,188.354,145,86,44,34,0,3,3
117,1,-68.4029,-20.6537,189.526,146,81,43,27,1,2,6
118,1,-50.2737,0.446381,194.613,148,80,43,26,0,2,7
119,1,-47.1933,-20.508,188.891,148,78,43,26,1,2,4
120,1,-28.4989,-18.9597,189.979,147,87,43,36,1,2,3
121,1,-25.4476,-5.43299,190.989,147,95,44,36,1,2,10
122,1,-2.03731,-16.7037,189.724,144,83,43,28,0,3,7
123,1,2.18978,-20.2582,189.928,148,82,43,30,1,2,4
124,1,9.26738,-15.9862,189.333,143,86,43,32,1,2,4
125,1,28.185,18.1324,186.673,147,87,43,29,1,2,10
126,1,34.8255,-20.3357,185.665,145,78,43,27,1,2,3
127,1,44.7316,-16.4549,185.049,143,79,44,26,0,3,2
128,1,56.621,-15.0594,184.003,144,84,43,30,0,3,6
129,1,69.1316,-17.6963,183.273,143,81,44,27,1,2,5
130,1,91.4366,-40.7134,169.837,144,82,43,28,0,3,6
131,1,94.5893,-13.7256,180.28,144,79,43,26,1,2,5
132,1,105.145,-15.9733,180.483,145,78,44,25,1,3,3
133,0,105.145,-15.9733,180.483,146,76,44,30,0,0,0
134,1,126.633,-18.3815,179.412,147,79,44,26,1,3,3
135,0,126.633,-18.3815,179.412,146,74,43,29,0,0,0
136,0,126.633,-18.3815,179.412,147,73,43,27,0,0,0
137,0,126.633,-18.3815,179.412,143,70,43,25,0,0,0
138,1,161.905,-19.1366,172.652,145,82,44,25,0,3,6
139,0,161.905,-19.1366,172.652,148,70,43,25,0,0,0
140,0,161.905,-19.1366,172.652,146,73,44,27,0,0,0
141,0,161.905,-19.1366,172.652,146,71,43,25,0,0,0
142,0,161.905,-19.1366,172.652,146,69,43,24,0,0,0
143,0,161.905,-19.1366,172.652,148,76,44,30,0,0,0
144,0,161.905,-19.1366,172.652,149,77,44,30,0,0,0
145,1,205.999,-22.0674,175.375,150,84,43,29,1,2,7
146,0,205.999,-22.0674,175.375,147,70,43,24,0,0,0
147,0,205.999,-22.0674,175.375,146,70,43,25,0,0,0
148,1,202.949,-21.7247,190.216,149,88,43,33,1,3,6
149,1,198.733,-22.0202,188.717,148,81,43,26,0,3,7
150,0,198.733,-22.0202,188.717,146,74,43,29,0,0,0
151,0,198.733,-22.0202,188.717,146,70,43,25,0,0,0
152,0,198.733,-22.0202,188.717,149,78,44,31,0,0,0
153,0,198.733,-22.0202,188.717,145,74,44,27,0,0,0
154,0,198.733,-22.0202,188.717,146,71,43,26,0,0,0
155,0,198.733,-22.0202,188.717,147,71,43,25,0,0,0
156,0,198.733,-22.0202,188.717,146,72,44,26,0,0,0
157,0,198.733,-22.0202,188.717,147,72,43,26,0,0,0
158,0,198.733,-22.0202,188.717,146,74,43,29,0,0,0
159,0,198.733,-22.0202,188.717,149,76,45,29,0,0,0
160,1,140.374,-19.9318,198.298,145,81,44,25,0,3,6
161,1,132.356,-27.0208,204.491,142,82,43,26,0,4,7
162,1,128.388,-20.9283,200.005,147,80,43,26,0,3,6
163,1,120.977,-19.5078,202.55,146,82,43,28,0,3,6
164,1,117.085,-16.7889,203.068,145,80,43,28,1,2,4
165,1,112.884,-18.7532,203.926,142,77,43,26,0,3,3
166,0,112.884,-18.7532,203.926,139,70,43,25,0,0,0
167,1,99.5905,-21.6172,205.823,147,81,44,25,1,3,6
168,1,89.144,-18.1132,209.316,145,85,44,29,0,3,6
169,1,84.5177,-15.7185,210.382,147,79,43,27,1,3,3
170,1,80.9524,-18.798,210.697,148,77,43,26,1,2,3
171,1,74.343,-20.5892,212.918,142,80,44,28,1,2,3
172,1,56.2883,-20.3801,219.778,143,80,43,26,0,3,6
173,1,57.4763,-15.6873,218.713,145,77,43,26,1,2,3
174,1,48.4828,-18.4079,220.465,145,81,44,27,1,2,5
175,1,48.1794,-18.8416,220.612,141,79,43,28,1,2,3
176,1,34.8398,-19.8557,223.242,143,78,43,27,1,2,3
177,1,20.7974,-17.1102,225.735,147,82,43,27,1,2,7
178,1,15.4737,-14.2801,226.971,145,79,43,27,1,2,3
179,1,16.2511,-18.8233,227.085,143,80,43,25,0,2,7
180,1,8.50809,-15.6486,228.509,147,80,43,26,1,2,5
181,1,-10.5513,-17.1792,228.324,146,88,44,29,0,2,10
182,1,-20.1632,-19.2124,228.456,145,83,43,31,0,3,4
183,1,-21.4166,-25.0098,228.221,144,81,43,28,0,3,4
184,1,-29.3988,-22.3195,229.347,148,83,43,30,1,2,5
185,1,-36.5636,-21.335,228.565,145,87,43,36,0,2,4
186,1,-39.1689,-21.75,228.446,143,82,43,29,0,2,4
187,1,-42.2915,-21.8624,227.819,147,85,45,32,1,2,3
188,1,-55.1352,-14.0161,227.12,146,80,43,28,1,2,3
189,1,-64.5322,-20.1037,224.153,146,82,43,28,1,2,6
190,1,-65.875,-19.5268,226.363,147,80,43,27,1,2,5
191,1,-77.8155,-22.5975,223.287,148,83,43,32,1,2,3
192,1,-85.4667,-16.8004,223.697,144,80,44,25,1,2,6
193,1,-101.742,-15.5662,220.229,146,80,44,27,0,3,3
194,1,-102.509,-20.0319,221.322,146,79,43,27,0,2,4
195,1,-108.476,-18.0051,220.976,148,81,44,28,0,2,4
196,1,-121.797,-16.4983,216.913,148,80,43,26,1,2,6
197,1,-125.529,-18.8515,215.622,151,84,43,30,0,3,6
198,1,-127.716,-20.3879,216.071,146,89,43,37,0,3,3
199,1,-132.16,-18.7049,218.89,147,82,43,27,0,3,6
200,0,-132.16,-18.7049,218.89,150,71,44,25,0,0,0
201,0,-132.16,-18.7049,218.89,147,76,43,30,0,0,0
202,0,-132.16,-18.7049,218.89,147,71,43,26,0,0,0
203,0,-132.16,-18.7049,218.89,147,76,43,30,0,0,0
204,0,-132.16,-18.7049,218.89,147,84,43,39,0,0,0
205,1,-164.894,-17.4105,217.675,149,84,43,30,1,2,6
206,1,-167.266,-14.0148,230.009,148,80,43,27,1,3,4
207,1,-172.238,-12.4293,235.058,148,88,43,35,1,3,4
208,0,-172.238,-12.4293,235.058,145,71,44,25,0,0,0
209,1,-186.128,6.25596,243.627,145,83,43,30,1,3,4
210,0,-186.128,6.25596,243.627,143,72,44,26,0,0,0
211,0,-186.128,6.25596,243.627,147,71,43,26,0,0,0
212,0,-186.128,6.25596,243.627,146,74,43,29,0,0,0
213,1,-140.208,-15.3122,268.776,148,84,43,32,0,3,4
214,1,-127.68,-18.8208,272.708,147,85,43,31,0,3,6
215,1,-123.053,-17.3625,268.4,147,84,43,30,1,3,5
216,1,-110.416,-21.776,270.545,145,77,43,26,1,2,3
217,0,-110.416,-21.776,270.545,148,72,44,26,0,0,0
218,1,-93.783,-16.7954,273.242,147,80,43,28,1,2,4
219,0,-93.783,-16.7954,273.242,148,71,43,26,0,0,0
220,1,-68.0471,-17.7091,274.625,148,84,44,30,0,3,4
221,1,-63.7277,-12.6845,272.702,147,85,43,29,0,4,6
222,1,-26.4136,-24.7419,278.566,151,89,43,37,1,2,4
223,0,-26.4136,-24.7419,278.566,148,73,43,27,0,0,0
224,1,-24.7028,-23.3424,273.558,146,83,43,29,0,2,6
225,0,-24.7028,-23.3424,273.558,150,92,43,43,0,0,0
226,0,-24.7028,-23.3424,273.558,147,71,44,24,0,0,0
227,1,35.4863,-21.8262,278.483,148,84,43,26,0,4,8
228,1,37.9216,-39.3745,276.333,147,80,44,27,1,2,4
229,1,38.7219,-39.4041,277.57,146,79,43,26,0,3,4
230,1,48.9127,-28.6386,276.726,145,80,44,27,0,3,4
231,1,53.6469,-30.7907,275.381,150,79,43,27,0,3,3
232,1,71.3274,-17.0552,273.529,146,79,44,25,0,3,4
233,1,66.2219,-28.0332,273.403,148,86,44,28,1,3,6
234,1,82.8456,-32.2692,270.461,148,84,43,30,0,3,4
235,1,93.7359,-36.2517,268.694,146,83,44,27,1,2,7
236,0,93.7359,-36.2517,268.694,146,74,44,28,0,0,0
237,1,103.567,-32.4087,275.336,147,84,43,28,0,3,7
238,0,103.567,-32.4087,275.336,144,73,43,27,0,0,0
239,1,128.846,-32.5001,271.618,147,89,43,33,0,3,7
240,0,128.846,-32.5001,271.618,147,76,43,31,0,0,0
241,0,128.846,-32.5001,271.618,148,75,44,29,0,0,0
242,0,128.846,-32.5001,271.618,148,78,43,33,0,0,0
243,0,128.846,-32.5001,271.618,146,72,44,26,0,0,0
244,1,188.022,-26.5522,267.777,148,83,44,28,1,2,6
245,0,188.022,-26.5522,267.777,146,73,43,28,0,0,0
246,0,188.022,-26.5522,267.777,149,73,43,27,0,0,0
247,0,188.022,-26.5522,267.777,147,76,43,31,0,0,0
248,0,188.022,-26.5522,267.777,149,75,43,29,0,0,0
249,0,188.022,-26.5522,267.777,148,70,43,25,0,0,0
250,1,233.689,-30.2545,285.806,148,79,43,27,1,3,3
251,0,233.689,-30.2545,285.806,150,75,43,29,0,0,0
252,0,233.689,-30.2545,285.806,148,80,44,32,0,0,0
253,0,233.689,-30.2545,285.806,146,72,43,27,0,0,0
254,0,233.689,-30.2545,285.806,145,73,43,28,0,0,0
255,0,233.689,-30.2545,285.806,142,70,43,24,0,0,0
256,0,233.689,-30.2545,285.806,147,74,43,29,0,0,0
257,0,233.689,-30.2545,285.806,146,74,43,29,0,0,0
258,0,233.689,-30.2545,285.806,148,72,43,27,0,0,0
259,0,233.689,-30.2545,285.806,145,70,43,24,0,0,0
260,0,233.689,-30.2545,285.806,147,71,43,24,0,0,0
261,0,233.689,-30.2545,285.806,147,90,43,45,0,0,0
262,0,233.689,-30.2545,285.806,147,74,44,28,0,0,0
263,0,233.689,-30.2545,285.806,149,74,43,28,0,0,0
264,1,106.653,-70.1383,281.844,144,80,43,28,1,3,3
265,0,106.653,-70.1383,281.844,147,70,43,25,0,0,0
266,1,60.8873,-42.4791,298.524,150,84,43,28,1,2,8
267,1,60.7639,-42.9081,297.652,149,85,43,32,1,3,4
268,1,55.5198,-35.796,300.617,147,85,43,31,1,3,4
269,1,56.214,-48.174,298.96,145,80,43,26,0,3,4
270,1,46.3723,-46.439,300.98,149,91,44,34,0,3,4
271,1,25.6891,-29.3461,307.84,148,83,43,30,1,3,4
272,1,25.3115,-37.474,305.949,149,88,44,32,1,3,5
273,1,35.6242,-43.7707,305.087,148,82,43,28,0,4,4
274,1,31.3995,-33.6881,308.128,150,90,43,35,1,3,5
275,1,33.659,-30.5767,309.124,147,93,43,36,0,3,8
276,0,33.659,-30.5767,309.124,148,73,43,28,0,0,0
277,1,-23.5569,-22.7323,313.719,146,92,43,29,1,3,12
278,0,-23.5569,-22.7323,313.719,143,70,43,25,0,0,0
279,1,65.7332,-16.0105,308.533,150,89,44,29,0,4,9
280,1,-69.0707,-3.857,311.297,146,91,44,26,1,3,15
281,1,-83.6148,-6.02454,309.912,150,84,43,28,0,3,8
282,0,-83.6148,-6.02454,309.912,145,73,43,27,0,0,0
283,1,-102.891,-6.37384,314.127,148,90,43,29,1,3,12
284,0,-102.891,-6.37384,314.127,150,82,43,36,0,0,0
285,0,-102.891,-6.37384,314.127,148,75,44,28,0,0,0
286,0,-102.891,-6.37384,314.127,150,87,43,42,0,0,0
287,0,-102.891,-6.37384,314.127,151,73,44,27,0,0,0
288,0,-102.891,-6.37384,314.127,149,73,44,27,0,0,0
289,0,-102.891,-6.37384,314.127,151,73,43,27,0,0,0
290,0,-102.891,-6.37384,314.127,150,83,43,37,0,0,0
291,0,-102.891,-6.37384,314.127,147,80,44,32,0,0,0
292,1,-95.312,-0.243345,345.828,148,86,44,29,1,2,8
293,0,-95.312,-0.243345,345.828,144,72,44,26,0,0,0
294,0,-95.312,-0.243345,345.828,152,82,43,37,0,0,0
295,0,-95.312,-0.243345,345.828,147,73,44,27,0,0,0
296,0,-95.312,-0.243345,345.828,151,74,43,29,0,0,0
297,0,-95.312,-0.243345,345.828,148,74,43,29,0,0,0
298,1,42.6617,-52.3388,340.886,150,88,43,31,1,2,9
299,0,42.6617,-52.3388,340.886,148,72,43,27,0,0,0
300,1,44.9633,-54.6833,335.574,147,96,43,40,1,2,8
301,0,44.9633,-54.6833,335.574,148,73,43,27,0,0,0
302,0,44.9633,-54.6833,335.574,150,74,44,28,0,0,0
303,1,63.3111,-53.0274,334.014,148,82,43,28,1,3,4
304,0,63.3111,-53.0274,334.014,148,71,43,26,0,0,0
305,0,63.3111,-53.0274,334.014,149,72,43,27,0,0,0
306,0,63.3111,-53.0274,334.014,149,72,43,27,0,0,0
307,1,110.715,-33.6872,338.886,146,82,43,26,0,3,7
308,0,110.715,-33.6872,338.886,149,70,43,25,0,0,0
309,0,110.715,-33.6872,338.886,147,70,43,25,0,0,0
310,1,150.68,-30.2356,332.961,147,87,43,31,0,3,7
311,1,168.895,-31.2625,328.678,146,78,44,25,0,2,4
312,0,168.895,-31.2625,328.678,148,70,43,25,0,0,0
313,1,185.169,-26.1434,333.939,150,84,43,28,0,3,7
314,0,185.169,-26.1434,333.939,149,94,44,47,0,0,0
315,0,185.169,-26.1434,333.939,296,93,63,27,0,0,0
316,0,185.169,-26.1434,333.939,148,72,43,27,0,0,0
317,0,185.169,-26.1434,333.939,148,71,43,25,0,0,0
318,0,185.169,-26.1434,333.939,149,73,43,28,0,0,0
319,0,185.169,-26.1434,333.939,148,71,43,26,0,0,0
320,0,185.169,-26.1434,333.939,149,70,43,24,0,0,0
321,1,204.809,-23.1907,261.067,146,83,43,29,1,2,6
322,0,204.809,-23.1907,261.067,147,73,43,28,0,0,0
323,0,204.809,-23.1907,261.067,149,70,43,25,0,0,0
324,0,204.809,-23.1907,261.067,147,74,43,29,0,0,0
325,0,204.809,-23.1907,261.067,147,74,43,28,0,0,0
326,0,204.809,-23.1907,261.067,146,70,44,24,0,0,0
327,0,204.809,-23.1907,261.067,147,70,43,25,0,0,0
328,1,183.496,-21.8755,177.944,148,84,43,29,1,3,6
329,0,183.496,-21.8755,177.944,146,70,44,24,0,0,0
330,0,183.496,-21.8755,177.944,146,71,43,26,0,0,0
331,0,183.496,-21.8755,177.944,146,73,43,28,0,0,0
332,0,183.496,-21.8755,177.944,145,76,43,31,0,0,0
333,0,183.496,-21.8755,177.944,146,70,43,25,0,0,0
334,0,183.496,-21.8755,177.944,148,70,43,24,0,0,0
335,0,183.496,-21.8755,177.944,147,70,43,25,0,0,0
336,0,183.496,-21.8755,177.944,147,72,43,27,0,0,0
337,0,183.496,-21.8755,177.944,149,71,43,26,0,0,0
338,0,183.496,-21.8755,177.944,148,73,43,28,0,0,0
339,0,183.496,-21.8755,177.944,148,70,43,25,0,0,0
340,0,183.496,-21.8755,177.944,145,70,43,25,0,0,0
341,0,183.496,-21.8755,177.944,145,70,43,25,0,0,0
342,0,183.496,-21.8755,177.944,147,70,43,25,0,0,0
343,0,183.496,-21.8755,177.944,149,72,43,27,0,0,0
344,0,183.496,-21.8755,177.944,144,70,43,25,0,0,0
345,0,183.496,-21.8755,177.944,143,70,43,25,0,0,0
346,0,183.496,-21.8755,177.944,140,71,43,25,0,0,0
347,0,183.496,-21.8755,177.944,144,71,43,25,0,0,0
348,0,183.496,-21.8755,177.944,143,73,44,26,0,0,0
349,1,106.164,-16.9494,94.5043,143,80,43,26,1,2,6
350,1,96.0479,-16.6997,94.495,143,85,43,31,1,2,6
351,1,90.1215,-16.9381,95.8895,141,85,43,30,0,3,6
352,1,86.4653,-17.0088,95.6396,141,87,43,33,1,2,6
353,1,83.095,-16.0438,95.983,137,89,44,32,1,2,6
354,1,77.5826,-16.7676,96.7169,136,81,43,27,1,2,6
355,1,70.5297,-16.3891,99.3275,143,84,44,29,0,2,6
356,1,63.3334,-17.0983,101.852,141,79,43,26,1,2,4
357,1,52.9212,-17.3034,104.576,141,81,43,26,1,3,6
358,1,40.931,-17.2293,106.605,140,81,43,27,1,2,6
359,1,31.6538,-17.2543,107.257,142,80,43,27,1,2,5
360,1,21.7789,-14.2899,106.603,143,79,43,27,1,2,4
361,1,12.7647,-17.3194,104.544,142,80,43,28,1,2,3
362,1,3.42291,-17.8337,103.399,137,83,43,27,0,3,7
363,1,-2.92592,-17.5821,103.867,139,79,43,27,0,2,4
364,1,-11.3933,-18.998,104.101,141,80,43,27,1,2,3
365,1,-21.259,-18.1343,105.595,144,80,43,28,1,3,3
366,1,-37.5247,-25.043,103.057,142,80,43,28,1,2,4
367,1,-44.1258,-16.3648,108.282,141,78,43,26,1,2,3
368,1,-58.8435,-18.5607,107.49,141,80,43,29,1,1,4
369,1,-64.9304,-17.9024,109.341,141,80,43,28,1,2,4
370,1,-73.3581,-18.2981,107.637,142,80,43,29,1,2,3
371,1,-81.0384,-18.4526,106.874,143,80,43,28,0,3,3
372,1,-87.7776,-18.1331,106.056,144,80,43,29,1,2,3
373,1,-96.1826,-17.5717,104.691,142,81,43,29,1,2,4
374,1,-103.745,-17.6671,103.273,140,77,43,26,1,2,3
375,1,-111.815,-18.2327,102.196,138,77,43,25,0,3,3
376,1,-122.304,-17.6341,103.345,140,88,43,37,1,2,3
377,1,-131.774,-17.4597,103.296,140,76,43,25,1,2,3
378,1,-141.052,-17.7421,103.756,141,76,43,25,1,2,3
379,0,-141.052,-17.7421,103.756,141,69,43,24,0,0,0
380,0,-141.052,-17.7421,103.756,144,70,43,25,0,0,0
381,0,-141.052,-17.7421,103.756,143,71,43,26,0,0,0
382,0,-141.052,-17.7421,103.756,143,72,43,27,0,0,0
383,0,-141.052,-17.7421,103.756,143,72,43,27,0,0,0
384,0,-141.052,-17.7421,103.756,145,70,43,24,0,0,0
385,0,-141.052,-17.7421,103.756,144,71,43,26,0,0,0
386,0,-141.052,-17.7421,103.756,143,70,43,25,0,0,0
387,0,-141.052,-17.7421,103.756,142,70,44,24,0,0,0
388,0,-141.052,-17.7421,103.756,145,70,43,25,0,0,0
389,0,-141.052,-17.7421,103.756,144,78,44,32,0,0,0
390,0,-141.052,-17.7421,103.756,143,70,44,24,0,0,0
391,1,-105.874,-14.689,70.6106,143,92,44,36,0,3,6
392,1,-96.8972,-17.4308,71.2703,144,79,44,26,1,3,3
393,1,-91.9798,-17.4896,71.3579,143,78,44,26,0,3,3
394,1,-88.0271,-17.0467,70.7926,144,89,44,36,1,3,3
395,1,-83.4375,-17.1462,71.2182,142,78,44,25,1,2,3
396,1,-77.3083,-17.1025,71.7757,142,90,43,36,1,3,5
397,1,-69.5389,-17.3954,72.6827,143,92,43,38,1,2,6
398,1,-61.528,-17.5525,75.8546,138,78,44,26,1,2,3
399,1,-52.5369,-16.5933,76.576,142,90,44,35,1,2,6
400,1,-47.4469,-16.4489,75.9736,144,81,45,28,1,2,3
401,1,-47.0491,-17.2466,76.0725,148,85,43,32,1,2,4
402,1,-47.2592,-17.9797,75.2047,150,94,44,37,1,4,5
403,1,-43.1097,-17.1616,77.0206,145,81,44,29,1,2,3
404,1,-39.6854,-17.5715,77.4613,2729,86,43,35,1,2,3
405,1,-33.9562,-17.5635,78.9668,145,81,44,29,1,2,3
406,1,-23.9862,-16.1044,81.1571,149,85,44,29,1,3,6
407,1,-14.3391,-16.87,82.1338,148,82,43,30,1,2,4
408,1,-5.69438,-18.0475,83.9345,148,86,43,29,1,2,8
409,1,3.95219,-17.6201,85.6168,148,84,43,29,1,3,6
410,1,13.0886,-17.4769,85.7494,149,81,43,29,1,2,3
411,1,24.4213,-16.9368,84.8924,148,81,44,28,1,2,4
412,1,30.4067,-16.8499,84.9913,143,80,43,28,1,3,3
413,1,36.5589,-15.7016,84.3238,149,83,44,28,1,2,6
414,1,40.0075,-16.8354,83.0776,149,83,43,28,1,2,5
415,1,43.7977,-16.0644,82.381,149,83,44,28,1,2,6
416,1,50.371,-17.3432,81.4866,151,81,43,28,1,3,4
417,1,61.4546,-17.4874,80.7101,149,83,44,29,1,2,4
418,1,69.255,-16.3287,82.1307,145,86,44,33,1,2,4
419,1,75.167,-16.8882,81.0498,148,83,43,30,0,2,5
420,1,80.6816,-16.8148,81.2372,148,85,43,31,1,3,5
421,1,92.4603,-16.7992,81.4111,150,86,43,32,1,2,6
422,0,92.4603,-16.7992,81.4111,151,73,44,26,0,0,0
423,0,92.4603,-16.7992,81.4111,153,72,43,27,0,0,0
424,0,92.4603,-16.7992,81.4111,153,71,43,26,0,0,0
425,0,92.4603,-16.7992,81.4111,152,72,43,26,0,0,0
426,0,92.4603,-16.7992,81.4111,152,72,43,27,0,0,0
427,0,92.4603,-16.7992,81.4111,152,71,43,26,0,0,0
428,0,92.4603,-16.7992,81.4111,150,70,43,25,0,0,0
429,0,92.4603,-16.7992,81.4111,153,74,43,28,0,0,0
430,0,92.4603,-16.7992,81.4111,153,72,43,26,0,0,0
431,1,115.967,-14.3077,107.153,152,80,43,26,0,5,3
432,1,103.587,-21.4186,113.004,151,85,43,31,1,2,6
433,0,103.587,-21.4186,113.004,152,70,43,25,0,0,0
434,0,103.587,-21.4186,113.004,152,70,43,25,0,0,0
435,1,66.9964,-17.2444,133.07,151,79,43,28,0,3,3
436,1,52.0185,-17.9021,137.363,151,78,43,26,1,2,3
437,1,36.1587,-18.8515,141.339,148,79,44,26,1,2,3
438,1,26.9188,-17.5004,144.597,148,79,44,26,1,2,4
439,1,20.5615,-18.7346,146.814,151,79,43,27,1,2,4
440,1,10.1653,-13.2872,150.432,152,85,43,29,1,2,8
441,1,8.43396,-15.9743,151.278,151,83,43,26,1,3,8
442,1,26.8662,-27.1157,146.987,150,94,44,33,1,2,12
443,1,-26.8501,-14.4888,154.049,152,82,43,30,1,2,4
444,0,-26.8501,-14.4888,154.049,151,71,43,25,0,0,0
445,1,-57.3048,-14.2333,153.972,151,80,43,28,1,2,3
446,1,-65.7254,-18.5596,154.864,151,83,43,31,1,2,4
447,1,-80.9634,-18.9434,154.63,151,83,43,32,1,2,3
448,1,-96.228,-18.7017,152.99,151,82,43,30,0,3,3
449,1,-105.974,-18.4613,154.488,149,82,43,31,0,2,3
450,1,-125.468,-17.0538,150.509,151,78,43,27,1,2,3
451,1,-140.695,-19.1367,147.502,150,82,43,30,0,3,3
452,0,-140.695,-19.1367,147.502,152,91,44,44,0,0,0
453,1,-160.495,-19.869,142.135,150,83,43,30,0,3,5
454,0,-160.495,-19.869,142.135,152,74,43,29,0,0,0
455,0,-160.495,-19.869,142.135,1977,72,43,27,0,0,0
456,0,-160.495,-19.869,142.135,1285,74,45,26,0,0,0
457,0,-160.495,-19.869,142.135,184,72,44,26,0,0,0
458,1,-159.319,-19.2459,167.184,638,81,43,28,0,2,6
459,1,-155.6,-19.4246,171.653,151,80,44,27,0,2,5
460,1,-152.497,-18.7614,172.89,149,87,43,34,0,3,5
461,1,-150.5,-18.5057,174.625,150,85,42,34,0,3,3
462,1,-144.911,-18.05,177.032,151,84,43,33,1,2,3
463,1,-135.535,-18.9105,181.671,152,83,43,32,1,2,3
464,1,-126.071,-18.8831,186.24,154,85,43,32,0,3,5
465,1,-118.131,-18.8822,188.692,153,97,43,42,0,2,6
466,1,-106.532,-18.3218,192.508,151,81,43,29,1,2,4
467,1,-96.8218,-19.9946,194.908,156,91,43,39,1,2,4
468,1,-86.1013,-19.5903,199.631,154,83,43,32,1,2,3
469,1,-76.7339,-19.3638,203.435,150,85,43,34,1,2,3
470,1,57.703,37.9245,210.448,154,86,43,27,1,2,11
471,1,-55.5007,-14.9923,210.469,151,83,43,31,1,2,4
472,1,-43.6614,-18.2174,212.535,151,82,43,31,1,2,3
473,1,-32.3391,-20.507,213.651,153,81,44,29,1,2,3
474,1,-14.5778,-23.8225,216.945,151,90,44,32,0,2,9
475,1,-13.8192,-22.6309,216.903,153,79,43,27,1,2,4
476,1,-6.65587,-17.401,217.905,153,79,43,26,0,3,4
477,1,3.80973,-19.625,219.051,152,82,43,30,0,3,4
478,1,25.5808,-1.68541,223.23,152,90,43,28,0,3,14
479,1,16.585,-17.4799,226.265,150,76,43,25,1,2,3
480,0,16.585,-17.4799,226.265,151,79,43,34,0,0,0
481,1,40.198,-17.039,222.764,152,78,43,26,1,2,4
482,1,67.8303,-10.3114,217.844,214,159,85,52,0,9,7
483,1,66.9438,-16.8836,220.145,288,241,98,112,0,7,14
484,1,79.3991,-18.4746,217.684,891,78,43,26,0,3,3
485,1,94.1783,-21.4066,215.776,152,82,43,27,0,4,5
486,0,94.1783,-21.4066,215.776,147,71,43,26,0,0,0
487,1,113.69,-18.1688,209.612,152,87,43,33,0,3,5
488,0,113.69,-18.1688,209.612,152,81,43,36,0,0,0
489,0,113.69,-18.1688,209.612,151,70,43,25,0,0,0
490,1,139.213,-19.1043,200.434,150,79,43,25,1,3,5
491,0,139.213,-19.1043,200.434,151,70,43,25,0,0,0
492,0,139.213,-19.1043,200.434,154,71,44,25,0,0,0
493,1,175.916,-22.6091,190.97,151,81,43,27,0,3,6
494,0,175.916,-22.6091,190.97,151,103,67,34,0,0,0
495,0,175.916,-22.6091,190.97,152,70,44,24,0,0,0
496,0,175.916,-22.6091,190.97,153,71,45,24,0,0,0
497,0,175.916,-22.6091,190.97,152,70,43,25,0,0,0
498,0,175.916,-22.6091,190.97,154,75,44,29,0,0,0
499,0,175.916,-22.6091,190.97,151,74,44,28,0,0,0
500,0,175.916,-22.6091,190.97,152,70,43,25,0,0,0
501,1,159.372,-24.8663,223.747,155,84,45,29,1,2,5
502,1,148.369,-24.6302,223.914,154,81,43,27,0,2,6
503,1,136.515,-20.129,229.721,153,79,43,26,0,3,5
504,1,131.336,-22.4915,226.989,152,78,43,26,1,2,4
505,1,111.809,-22.3773,230.773,151,81,44,26,1,2,6
506,1,96.9924,-23.5107,235.935,152,86,43,32,1,2,6
507,1,87.3635,-21.712,237.369,152,88,44,30,0,4,6
508,1,74.0012,-19.4753,238.953,149,78,43,26,1,2,4
509,1,57.4101,-20.7576,243.083,152,82,43,28,1,2,6
510,1,46.4804,-17.1401,247.092,152,81,43,29,1,2,4
511,1,34.0654,-18.0355,250.244,153,78,44,25,1,3,3
512,1,15.0557,-20.3821,250.222,149,82,44,25,1,2,7
513,1,9.50294,-23.7186,247.26,151,96,43,42,1,2,3
514,1,-34.3702,-14.4808,245.599,153,86,44,27,1,2,10
515,1,-35.809,-24.9457,246.106,150,88,43,30,1,2,10
516,1,-23.6239,-24.9471,246.485,150,85,44,29,1,2,7
517,1,-33.8712,-21.9337,249.468,2090,80,43,28,1,2,4
518,1,-51.278,-23.455,248.817,153,78,43,27,1,2,3
519,1,-68.2446,-18.4508,251.287,150,78,43,27,0,3,3
520,0,-68.2446,-18.4508,251.287,151,72,43,27,0,0,0
521,1,-98.627,-22.763,251.37,150,81,43,30,1,2,3
522,0,-98.627,-22.763,251.37,153,79,44,33,0,0,0
523,0,-98.627,-22.763,251.37,152,72,43,27,0,0,0
524,0,-98.627,-22.763,251.37,156,70,43,25,0,0,0
525,0,-98.627,-22.763,251.37,156,88,43,37,0,0,0
526,0,-98.627,-22.763,251.37,154,75,44,28,0,0,0
527,1,-69.0528,-3.8086,332.777,153,89,43,29,0,3,12
528,0,-69.0528,-3.8086,332.777,153,78,43,33,0,0,0
529,0,-69.0528,-3.8086,332.777,148,72,43,27,0,0,0
530,0,-69.0528,-3.8086,332.777,148,76,43,31,0,0,0
531,0,-69.0528,-3.8086,332.777,152,85,43,40,0,0,0
532,1,60.5553,-55.5329,322.216,147,84,43,26,1,3,8
533,1,56.5625,-64.6223,322.377,147,80,43,28,0,3,4
534,0,56.5625,-64.6223,322.377,146,79,42,33,0,0,0
535,0,56.5625,-64.6223,322.377,147,70,43,25,0,0,0
536,1,96.0569,-45.7226,323.903,149,82,44,29,0,2,5
537,0,96.0569,-45.7226,323.903,148,71,43,26,0,0,0
538,1,114.745,-37.9669,314.594,146,80,43,26,0,3,6
539,0,114.745,-37.9669,314.594,147,70,44,24,0,0,0
540,0,114.745,-37.9669,314.594,148,70,43,25,0,0,0
541,1,125.383,-36.7473,300.149,146,79,43,27,0,3,4
542,0,125.383,-36.7473,300.149,143,71,43,26,0,0,0
543,0,125.383,-36.7473,300.149,147,70,43,25,0,0,0
544,0,125.383,-36.7473,300.149,144,70,43,25,0,0,0
545,1,105.621,-24.8031,241.66,147,85,44,31,1,3,4
546,1,86.5377,-23.9095,215.261,146,83,44,26,1,4,7
547,1,88.3575,-18.5193,184.255,145,78,43,27,1,2,3
548,1,75.6763,-18.5242,159.131,144,79,43,27,0,3,4
549,1,59.1605,-18.2358,138.939,144,80,44,28,0,3,3
550,1,44.3447,-17.2414,129.77,142,81,43,30,1,2,3
551,1,38.809,-16.3937,119.895,143,83,43,27,1,3,7
552,1,31.4287,-20.193,116.604,142,80,43,26,1,2,6
553,1,29.9612,-18.1269,117.409,143,78,43,28,0,2,3
554,1,32.0388,-19.0659,111.713,140,82,43,27,1,2,7
555,0,32.0388,-19.0659,111.713,141,70,43,25,0,0,0
556,0,32.0388,-19.0659,111.713,143,69,43,24,0,0,0
557,1,41.4331,-15.8714,92.065,139,80,43,28,0,2,5
558,1,40.7333,-17.1974,87.7085,141,79,43,27,1,3,3
559,1,40.1383,-16.8599,88.1333,142,79,43,28,1,2,3
560,1,40.0621,-16.7724,88.196,143,79,44,28,0,2,3
561,1,40.1195,-16.7661,88.1779,139,85,44,30,1,2,6
562,1,40.0819,-16.6649,88.2686,142,85,43,31,1,3,6
563,1,40.193,-16.7482,88.1434,139,79,43,28,1,2,3
564,1,40.1181,-16.6922,88.2458,141,80,43,28,1,2,4
565,1,40.0979,-16.772,88.228,139,79,43,27,1,3,3
566,1,40.1389,-16.739,88.1906,138,80,43,28,1,2,3
567,1,40.0917,-16.843,88.2119,138,80,43,27,1,3,4
568,1,40.0985,-16.8297,88.1933,138,80,44,27,1,2,4
569,1,40.1941,-16.789,88.1543,137,80,43,28,1,3,3
570,1,40.0618,-16.7282,88.2536,138,79,43,28,1,2,3
571,1,40.1309,-16.7366,88.2338,138,80,43,28,1,2,4
572,1,40.1398,-16.6858,88.2091,138,80,43,28,1,2,4
573,1,40.1488,-16.7043,88.211,137,79,44,27,1,2,3
574,1,39.8711,-16.4906,88.5631,143,89,43,34,1,2,5
575,0,39.8711,-16.4906,88.5631,138,69,43,24,0,0,0
576,0,39.8711,-16.4906,88.5631,138,69,43,24,0,0,0
577,0,39.8711,-16.4906,88.5631,137,69,42,25,0,0,0
578,0,39.8711,-16.4906,88.5631,142,69,43,24,0,0,0
